{"errors":[],"warnings":[],"namedChunkGroups":{"app":{"chunks":[7,2],"assets":["webpack-runtime-2a168d5d12aac72673e1.js","webpack-runtime-2a168d5d12aac72673e1.js.map","app-1b8f490edb333a62477f.js","app-1b8f490edb333a62477f.js.map"],"children":{},"childAssets":{}},"component---src-templates-documentation-template-js":{"chunks":[0,1,5],"assets":["0.7a7fd10b08846091aeed.css","0-1523e06a2ef2f6890958.js","0-1523e06a2ef2f6890958.js.map","1.07283a13e3d1907543d2.css","1-0f900c5cca9e1d559d11.js","1-0f900c5cca9e1d559d11.js.map","component---src-templates-documentation-template-js.938bc76b37a55e0506ee.css","component---src-templates-documentation-template-js-701bfbf489d0767be3ee.js","component---src-templates-documentation-template-js-701bfbf489d0767be3ee.js.map"],"children":{},"childAssets":{}},"component---src-pages-404-js":{"chunks":[0,3],"assets":["0.7a7fd10b08846091aeed.css","0-1523e06a2ef2f6890958.js","0-1523e06a2ef2f6890958.js.map","component---src-pages-404-js.90ae4e73306fb57f1802.css","component---src-pages-404-js-86734f60d28370e1c68c.js","component---src-pages-404-js-86734f60d28370e1c68c.js.map"],"children":{},"childAssets":{}},"component---src-pages-index-js":{"chunks":[0,1,4],"assets":["0.7a7fd10b08846091aeed.css","0-1523e06a2ef2f6890958.js","0-1523e06a2ef2f6890958.js.map","1.07283a13e3d1907543d2.css","1-0f900c5cca9e1d559d11.js","1-0f900c5cca9e1d559d11.js.map","component---src-pages-index-js-515c3a7d1365f181699b.js","component---src-pages-index-js-515c3a7d1365f181699b.js.map"],"children":{},"childAssets":{}},"pages-manifest":{"chunks":[6],"assets":["pages-manifest-9b1b8de21f20ca01d262.js","pages-manifest-9b1b8de21f20ca01d262.js.map"],"children":{},"childAssets":{}}},"assetsByChunkName":{"app":["webpack-runtime-2a168d5d12aac72673e1.js","app-1b8f490edb333a62477f.js"],"component---src-templates-documentation-template-js":["0.7a7fd10b08846091aeed.css","0-1523e06a2ef2f6890958.js","1.07283a13e3d1907543d2.css","1-0f900c5cca9e1d559d11.js","component---src-templates-documentation-template-js.938bc76b37a55e0506ee.css","component---src-templates-documentation-template-js-701bfbf489d0767be3ee.js"],"component---src-pages-404-js":["0.7a7fd10b08846091aeed.css","0-1523e06a2ef2f6890958.js","component---src-pages-404-js.90ae4e73306fb57f1802.css","component---src-pages-404-js-86734f60d28370e1c68c.js"],"component---src-pages-index-js":["0.7a7fd10b08846091aeed.css","0-1523e06a2ef2f6890958.js","1.07283a13e3d1907543d2.css","1-0f900c5cca9e1d559d11.js","component---src-pages-index-js-515c3a7d1365f181699b.js"],"pages-manifest":["pages-manifest-9b1b8de21f20ca01d262.js"]}}